id,title_id,real_name,character_name,role
1,1,"Eladio Pacocha","Georgianna","Production Designer"
2,2,"Hope Quitzon","Leonie","Costume Designer"
3,3,"Mariela Aufderhar","Adolfo","Producer"
4,4,"Abagail Murphy","Maudie","Film Editor"
5,5,"Retta Thompson","Vita","Actress"
6,6,"Anderson Ernser","Laury","Producer"
7,7,"Giovanni Mitchell","Lulu","Production Designer"
8,8,"Georgette Carroll","Dayton","Actress"
9,9,"Baylee Torp","Meaghan","Director"
10,10,"Trent Orn","Kaela","Costume Designer"
11,11,"Ottis Breitenberg","Elsie","Film Editor"
12,12,"Jane Harber","Julianne","Actress"
13,13,"Herman Vandervort-Schamberger","Carrie","Cinematographer"
14,14,"Silas Witting","Zion","Production Designer"
15,15,"D'angelo Bednar","Ted","Director"
16,16,"Coleman Nolan","Ludwig","Cinematographer"
17,17,"Gregoria Boyle","Maci","Costume Designer"
18,18,"Dora Sawayn","Shyann","Producer"
19,19,"Joanny Bosco","Laney","Film Editor"
20,20,"Eliza Schimmel","Freeda","Production Designer"
21,21,"Estell Stamm","Estell","Actress"
22,22,"Louisa Goyette-Gibson","Martine","Actress"
23,23,"Etha Greenholt","Faustino","Cinematographer"
24,24,"Ali Dietrich","Savion","Actress"
25,25,"Karley Miller","Floyd","Actor"
26,26,"Lottie Borer","Warren","Cinematographer"
27,27,"Ryder Russel","Mossie","Cinematographer"
28,28,"Nona Murazik","Lonie","Producer"
29,29,"Augustine Langosh-Wiza","Salvador","Actress"
30,30,"Freddy Lockman","Elaina","Cinematographer"
31,31,"Damaris Kautzer","Sonny","Screenwriter"
32,32,"Charity Hilll","Clemmie","Actor"
33,33,"Herbert Kuhic","Alvis","Producer"
34,34,"Deion Bashirian","Zita","Screenwriter"
35,35,"Afton Wolf","Kadin","Film Editor"
36,36,"Mattie Howell","Tamara","Producer"
37,37,"Dannie Rippin","Napoleon","Production Designer"
38,38,"Kyle Mayert","Deja","Screenwriter"
39,39,"Unique Auer","Alexandrea","Cinematographer"
40,40,"Paxton Zulauf","Maryjane","Director"
41,41,"Vito McCullough","Garrick","Film Editor"
42,42,"Myrtis Becker","Heidi","Costume Designer"
43,43,"Horacio Satterfield","Lilian","Music Composer"
44,44,"Giovanny Purdy","Lexus","Costume Designer"
45,45,"Jonatan Kilback","Lon","Costume Designer"
46,46,"Derek Strosin","German","Music Composer"
47,47,"Elfrieda Carter","Bradley","Music Composer"
48,48,"Kristin Hettinger","Brenden","Production Designer"
49,49,"Vallie Wolff","Arvilla","Film Editor"
50,50,"Alize Toy","Claudine","Actor"
51,51,"Jerrold Graham","Casper","Director"
52,52,"Jovanny Johnson","Sofia","Actor"
53,53,"Orrin Deckow","Jay","Cinematographer"
54,54,"Darren Kutch","Madisen","Screenwriter"
55,55,"Felicita Wiegand","Ivy","Production Designer"
56,56,"Myra Morar","Dortha","Music Composer"
57,57,"Friedrich Macejkovic","Milan","Cinematographer"
58,58,"Raoul Padberg","Denis","Music Composer"
59,59,"Emmitt Bosco","Shanelle","Actor"
60,60,"Myrna Funk-Wiza","Kristy","Cinematographer"
61,61,"Tremaine Howell","Allene","Director"
62,62,"Raquel Moen","Holden","Screenwriter"
63,63,"Leila Christiansen","Blaise","Film Editor"
64,64,"Laverna Emard","Einar","Costume Designer"
65,65,"Adella Hayes","Camron","Cinematographer"
66,66,"Giuseppe Nienow","Ara","Producer"
67,67,"Janessa Morissette","Gabriella","Actor"
68,68,"Georgianna Schultz-Gerlach","Federico","Cinematographer"
69,69,"Odessa Schroeder","Dulce","Costume Designer"
70,70,"Murl Hilll","Casimir","Music Composer"
71,71,"Tate Oberbrunner","Reynold","Production Designer"
72,72,"Nyah Jacobi","Alexandre","Music Composer"
73,73,"Dee Schoen","Leonie","Production Designer"
74,74,"Aliyah McKenzie","Meta","Actor"
75,75,"Mikel Ziemann","Art","Production Designer"
76,76,"Sanford Rutherford","Vesta","Cinematographer"
77,77,"Lester DuBuque","Korey","Costume Designer"
78,78,"Kelli Flatley","Leonel","Music Composer"
79,79,"Stone Kiehn","Johnathon","Director"
80,80,"Werner Cormier","Barney","Director"
81,81,"Genesis Lind","Cathrine","Producer"
82,82,"Berniece Johnston","Westley","Film Editor"
83,83,"Lilly Von","Asia","Actress"
84,84,"Nolan Corwin-Ruecker","Alexanne","Actor"
85,85,"Libby Feeney","Eugenia","Music Composer"
86,86,"Angel Hettinger","Matilda","Costume Designer"
87,87,"Tillman Hegmann","Erika","Production Designer"
88,88,"Thora Christiansen","Vern","Producer"
89,89,"Lamont Johns","Madaline","Actor"
90,90,"Leonardo Berge","Shea","Film Editor"
91,91,"Patsy Hane","Charlotte","Cinematographer"
92,92,"Bradford Huels","Lottie","Director"
93,93,"Kirstin Parisian","Deion","Actress"
94,94,"Lyda Upton","Bart","Screenwriter"
95,95,"Bradly Okuneva","Mitchel","Production Designer"
96,96,"Sabina Considine-Moore","Trent","Music Composer"
97,97,"Ines Reinger","Preston","Actress"
98,98,"Bertram Hilpert","Jocelyn","Film Editor"
99,99,"Dolly Tromp","Christiana","Screenwriter"
100,100,"Madelynn Keeling","Drew","Cinematographer"